0.000000,10000.000000,100.000000,0.000000
0.010000, 9996.617010, 111.747174, 0.789497
0.020000, 9993.038552, 140.181370, 1.624901
0.030000, 9988.459105, 165.913606, 2.694425
0.040000, 9983.796074, 169.563411, 3.783975
0.050000, 9979.741085, 90.175102, 4.731865
0.060000, 9976.984357, 94.257462, 5.376495
0.070000, 9974.236555, 76.640995, 6.019216
0.080000, 9971.436224, 92.665463, 6.674405
0.090000, 9968.358854, 83.564026, 7.394625
0.100000, 9965.380513, 86.698551, 8.091880
0.110000, 9962.679018, 94.860447, 8.724504
0.120000, 9959.429004, 131.547923, 9.485804
0.130000, 9955.663254, 133.409847, 10.368224
0.140000, 9951.355480, 147.598941, 11.378064
0.150000, 9946.062908, 200.329232, 12.619361
0.160000, 9941.889012, 128.446182, 13.598755
0.170000, 9937.207354, 190.386459, 14.697783
0.180000, 9931.817593, 182.550956, 15.963680
0.190000, 9925.531065, 198.275590, 17.441070
0.200000, 9919.724344, 192.056537, 18.806532
0.210000, 9913.409158, 227.459136, 20.292469
0.220000, 9905.979363, 298.308657, 22.041879
0.230000, 9897.389401, 252.900833, 24.066096
0.240000, 9889.591339, 279.596782, 25.905225
0.250000, 9880.969353, 327.785505, 27.940361
0.260000, 9871.341118, 329.834086, 30.215110
0.270000, 9862.887959, 250.220278, 32.214068
0.280000, 9855.605307, 243.536057, 33.937607
0.290000, 9847.273479, 277.935864, 35.911009
0.300000, 9839.089460, 286.422852, 37.851028
0.310000, 9829.736730, 315.003511, 40.070066
0.320000, 9821.821717, 255.441906, 41.949641
0.330000, 9813.721044, 257.766176, 43.874874
0.340000, 9804.743522, 278.643373, 46.010358
0.350000, 9796.510340, 320.487000, 47.970505
0.360000, 9786.791460, 361.299763, 50.286486
0.370000, 9775.319916, 420.573470, 53.023081
0.380000, 9763.620747, 387.079313, 55.817285
0.390000, 9752.627331, 382.617274, 58.445984
0.400000, 9741.527617, 374.137907, 61.103107
0.410000, 9731.381545, 352.539354, 63.534592
0.420000, 9720.964410, 361.961705, 66.033676
0.430000, 9711.250023, 300.627045, 68.366585
0.440000, 9701.030131, 330.612847, 70.823410
0.450000, 9690.638216, 373.109995, 73.324244
0.460000, 9679.743132, 353.950229, 75.949048
0.470000, 9669.720367, 372.856631, 78.366307
0.480000, 9658.537006, 423.071921, 81.066432
0.490000, 9645.892877, 450.796828, 84.123014
0.500000, 9632.417976, 490.456545, 87.384837
0.510000, 9618.281882, 501.849010, 90.811619
0.520000, 9603.795280, 509.287892, 94.328599
0.530000, 9588.635383, 524.949920, 98.014721
0.540000, 9573.959460, 505.085157, 101.588721
0.550000, 9558.754076, 505.846225, 105.297443
0.560000, 9543.136449, 563.833517, 109.112860
0.570000, 9527.475492, 555.750530, 112.945138
0.580000, 9510.692861, 640.869919, 117.058888
0.590000, 9492.145702, 666.985595, 121.613607
0.600000, 9472.916456, 675.518468, 126.345234
0.610000, 9453.964310, 682.075263, 131.018085
0.620000, 9433.400728, 750.228604, 136.098856
0.630000, 9411.576198, 798.391294, 141.503303
0.640000, 9388.470385, 832.189942, 147.238706
0.650000, 9365.765943, 785.053790, 152.888248
0.660000, 9343.423640, 808.981224, 158.461064
0.670000, 9320.396196, 847.125078, 164.218736
0.680000, 9296.479009, 886.491279, 170.213950
0.690000, 9272.100123, 898.934494, 176.340790
0.700000, 9245.639487, 977.730019, 183.009060
0.710000, 9218.655108, 981.314341, 189.828998
0.720000, 9189.985909, 1059.113752, 197.096651
0.730000, 9160.016442, 1100.703724, 204.718196
0.740000, 9129.729830, 1101.494642, 212.445766
0.750000, 9099.987098, 1086.965623, 220.059559
0.760000, 9069.266561, 1180.986764, 227.949823
0.770000, 9037.605201, 1163.207848, 236.109741
0.780000, 9006.024200, 1182.525273, 244.277475
0.790000, 8973.611474, 1180.043746, 252.690150
0.800000, 8941.874877, 1188.153146, 260.956833
0.810000, 8909.550167, 1213.443554, 269.406919
0.820000, 8876.439942, 1251.055325, 278.094188
0.830000, 8844.593981, 1196.657739, 286.480379
0.840000, 8812.262827, 1237.780248, 295.025282
0.850000, 8780.068704, 1236.660277, 303.565177
0.860000, 8746.105369, 1330.848566, 312.608376
0.870000, 8709.990795, 1407.595491, 322.262965
0.880000, 8673.791172, 1385.511389, 331.980546
0.890000, 8637.256428, 1437.574068, 341.829292
0.900000, 8600.272875, 1413.226772, 351.841544
0.910000, 8563.338297, 1408.837612, 361.883598
0.920000, 8526.806547, 1458.501669, 371.858828
0.930000, 8488.668113, 1502.718576, 382.318463
0.940000, 8450.347329, 1528.378396, 392.875546
0.950000, 8411.503863, 1549.286704, 403.625591
0.960000, 8372.210666, 1618.109255, 414.550722
0.970000, 8331.367095, 1649.967759, 425.961395
0.980000, 8290.602910, 1630.245157, 437.405801
0.990000, 8249.926568, 1673.153637, 448.881772
1.000000, 8208.397733, 1681.955686, 460.656772
1.010000, 8166.741762, 1701.451863, 472.527816
1.020000, 8124.850228, 1706.126276, 484.527210
1.030000, 8082.566923, 1794.353519, 496.701721
1.040000, 8039.567162, 1784.559255, 509.148006
1.050000, 7996.851385, 1797.347203, 521.578179
1.060000, 7952.730829, 1900.376305, 534.487028
1.070000, 7907.447899, 1882.921552, 547.810641
1.080000, 7862.192893, 1944.379937, 561.202484
1.090000, 7815.949035, 1987.295238, 574.966802
1.100000, 7769.841012, 1967.837102, 588.772007
1.110000, 7722.667522, 2060.261476, 602.981257
1.120000, 7675.097693, 2094.403270, 617.398050
1.130000, 7627.187304, 2099.768423, 632.008649
1.140000, 7578.202470, 2197.682992, 647.042088
1.150000, 7528.420083, 2235.021646, 662.420178
1.160000, 7477.568238, 2280.293655, 678.233963
1.170000, 7425.833703, 2340.230012, 694.432977
1.180000, 7372.815503, 2413.942422, 711.151426
1.190000, 7319.028071, 2468.755285, 728.235732
1.200000, 7264.634241, 2510.343051, 745.640796
1.210000, 7208.910456, 2610.031904, 763.607066
1.220000, 7152.972655, 2606.351953, 781.782553
1.230000, 7097.294631, 2622.997397, 800.015330
1.240000, 7041.955711, 2598.352669, 818.279347
1.250000, 6987.229644, 2613.184627, 836.482802
1.260000, 6932.254674, 2656.064383, 854.913159
1.270000, 6876.998639, 2647.000967, 873.585606
1.280000, 6821.351109, 2763.685928, 892.542587
1.290000, 6764.869149, 2791.435281, 911.942614
1.300000, 6708.316491, 2819.434348, 931.529880
1.310000, 6651.044285, 2916.337802, 951.535364
1.320000, 6592.738747, 2930.910669, 972.079515
1.330000, 6534.277927, 3001.821059, 992.861603
1.340000, 6474.882850, 3069.686504, 1014.167074
1.350000, 6415.098404, 3133.823772, 1035.810484
1.360000, 6353.597728, 3215.781716, 1058.286666
1.370000, 6292.026411, 3275.242431, 1081.007656
1.380000, 6229.732338, 3353.706161, 1104.222734
1.390000, 6167.592666, 3322.674422, 1127.612702
1.400000, 6106.079984, 3341.390366, 1150.999932
1.410000, 6044.809586, 3395.837820, 1174.530433
1.420000, 5983.339418, 3438.628551, 1198.378543
1.430000, 5920.963579, 3544.002366, 1222.829757
1.440000, 5858.792217, 3453.552762, 1247.458486
1.450000, 5798.026607, 3454.772072, 1271.784216
1.460000, 5738.084166, 3490.416137, 1296.031501
1.470000, 5677.497347, 3546.782436, 1320.798189
1.480000, 5617.017340, 3583.108378, 1345.786214
1.490000, 5556.710106, 3609.987352, 1370.972196
1.500000, 5496.273787, 3656.479319, 1396.487799
1.510000, 5435.674279, 3729.048286, 1422.355551
1.520000, 5375.270416, 3725.678498, 1448.428377
1.530000, 5315.705324, 3696.398961, 1474.427671
1.540000, 5256.540858, 3727.290029, 1500.542109
1.550000, 5197.507005, 3779.467996, 1526.893498
1.560000, 5138.778130, 3844.144595, 1553.407421
1.570000, 5079.812885, 3855.643928, 1580.334647
1.580000, 5020.848725, 3910.156343, 1607.575748
1.590000, 4961.682371, 4001.018048, 1635.233716
1.600000, 4902.126937, 4020.537186, 1663.408628
1.610000, 4843.400485, 4038.101691, 1691.528561
1.620000, 4784.942687, 4040.808102, 1719.860522
1.630000, 4727.466973, 4029.502485, 1748.056012
1.640000, 4670.244012, 4092.619213, 1776.470115
1.650000, 4613.584963, 4035.034053, 1804.949317
1.660000, 4557.736093, 4078.937900, 1833.365661
1.670000, 4501.998028, 4154.903927, 1862.074919
1.680000, 4446.056491, 4159.185332, 1891.248589
1.690000, 4390.641300, 4234.057088, 1920.511941
1.700000, 4334.660258, 4336.972279, 1950.451500
1.710000, 4278.092081, 4390.810259, 1981.100389
1.720000, 4221.886204, 4386.816062, 2011.957005
1.730000, 4167.190727, 4329.146431, 2042.381393
1.740000, 4112.735766, 4437.189658, 2073.071292
1.750000, 4058.296947, 4448.257343, 2104.160955
1.760000, 4004.734991, 4459.926628, 2135.159576
1.770000, 3951.271968, 4516.402548, 2166.517152
1.780000, 3898.152432, 4503.841817, 2198.096306
1.790000, 3845.359381, 4553.551368, 2229.910630
1.800000, 3793.336527, 4519.853657, 2261.690993
1.810000, 3742.115301, 4549.455340, 2293.410368
1.820000, 3691.515805, 4540.596799, 2325.173924
1.830000, 3641.199708, 4538.620683, 2357.194262
1.840000, 3591.912203, 4556.919398, 2388.991951
1.850000, 3542.967144, 4584.431621, 2421.003451
1.860000, 3494.214804, 4650.108461, 2453.331562
1.870000, 3445.282982, 4743.943953, 2486.235410
1.880000, 3396.696415, 4709.653484, 2519.372754
1.890000, 3349.093790, 4687.940123, 2552.301971
1.900000, 3302.098085, 4698.319043, 2585.273723
1.910000, 3255.657161, 4721.894300, 2618.320487
1.920000, 3210.079156, 4676.194468, 2651.214789
1.930000, 3164.998939, 4729.193193, 2684.212499
1.940000, 3120.405229, 4739.009745, 2717.319790
1.950000, 3076.116540, 4787.487101, 2750.672258
1.960000, 3031.694573, 4877.354534, 2784.610946
1.970000, 2987.115357, 4960.931436, 2819.173382
1.980000, 2942.751798, 5019.779673, 2854.084504
1.990000, 2898.782941, 5048.748813, 2889.208224
2.000000, 2855.058084, 5071.101435, 2924.669363
2.010000, 2811.838526, 5075.983416, 2960.258471
2.020000, 2769.219070, 5087.334462, 2995.893200
2.030000, 2727.325070, 5063.176189, 3031.459952
2.040000, 2686.107694, 5096.887683, 3066.989501
2.050000, 2645.204431, 5153.287385, 3102.791380
2.060000, 2604.510819, 5157.577314, 3138.963362
2.070000, 2564.402005, 5168.014996, 3175.172852
2.080000, 2525.053839, 5162.843578, 3211.250233
2.090000, 2486.203032, 5197.629854, 3247.427454
2.100000, 2447.575463, 5242.724798, 3283.961635
2.110000, 2409.272654, 5270.364840, 3320.762467
2.120000, 2371.358434, 5337.247579, 3357.770698
2.130000, 2333.820089, 5288.601227, 3394.999612
2.140000, 2297.121955, 5243.339651, 3431.978692
2.150000, 2261.283315, 5230.995456, 3468.666365
2.160000, 2226.041854, 5236.539358, 3505.314170
2.170000, 2191.577962, 5178.325531, 3541.718889
2.180000, 2157.743606, 5215.348099, 3578.019852
2.190000, 2124.038212, 5298.186233, 3614.752857
2.200000, 2090.637468, 5259.888656, 3651.733412
2.210000, 2057.962729, 5258.117335, 3688.486353
2.220000, 2025.692271, 5281.381719, 3725.361825
2.230000, 1993.898685, 5240.674482, 3762.271409
2.240000, 1963.029368, 5145.095823, 3798.675532
2.250000, 1933.027635, 5124.561246, 3834.609316
2.260000, 1903.446221, 5151.443049, 3870.589931
2.270000, 1874.412827, 5104.610067, 3906.451891
2.280000, 1845.985739, 5082.592156, 3942.107262
2.290000, 1817.947189, 5112.844291, 3977.817278
2.300000, 1790.288011, 5091.583607, 4013.587895
2.310000, 1763.271820, 5061.543123, 4049.064546
2.320000, 1736.796894, 5026.554117, 4084.361758
2.330000, 1710.686256, 5079.903409, 4119.704279
2.340000, 1684.942163, 5060.861490, 4155.082795
2.350000, 1659.608551, 5014.857394, 4190.428896
2.360000, 1634.712080, 5024.525752, 4225.694729
2.370000, 1610.265876, 5008.749852, 4260.849313
2.380000, 1586.220450, 4977.912040, 4295.952126
2.390000, 1562.658460, 4979.716882, 4330.869246
2.400000, 1539.385347, 5014.912272, 4365.878986
2.410000, 1516.446964, 4989.097276, 4400.907009
2.420000, 1493.981000, 5002.722157, 4435.731057
2.430000, 1471.791929, 4968.117326, 4470.643771
2.440000, 1449.845151, 5001.726489, 4505.696903
2.450000, 1428.315283, 4972.292214, 4540.603600
2.460000, 1407.184043, 5023.341581, 4575.379461
2.470000, 1386.239340, 4971.085254, 4610.367516
2.480000, 1365.737929, 4958.207642, 4645.130846
2.490000, 1345.739736, 4904.829055, 4679.547397
2.500000, 1326.203761, 4813.444276, 4713.665950
2.510000, 1307.360563, 4728.544257, 4747.054211
2.520000, 1289.138068, 4648.681442, 4779.803597
2.530000, 1271.313077, 4596.941176, 4812.289607
2.540000, 1253.831289, 4629.304728, 4844.595615
2.550000, 1236.693834, 4557.178312, 4876.705529
2.560000, 1219.877345, 4521.588053, 4908.649568
2.570000, 1203.482006, 4503.589888, 4940.220442
2.580000, 1187.561169, 4355.869423, 4971.291979
2.590000, 1172.028229, 4380.406044, 5002.010599
2.600000, 1156.608454, 4423.576399, 5032.910755
2.610000, 1141.420308, 4386.331661, 5063.752128
2.620000, 1126.486517, 4406.418049, 5094.479776
2.630000, 1111.766051, 4376.094316, 5125.169781
2.640000, 1097.247687, 4357.650175, 5155.839073
2.650000, 1083.098885, 4328.782394, 5186.120674
2.660000, 1069.165412, 4299.579109, 5216.330521
2.670000, 1055.491528, 4308.637347, 5246.362772
2.680000, 1041.869317, 4321.249375, 5276.670900
2.690000, 1028.533107, 4303.686784, 5306.729067
2.700000, 1015.249340, 4352.347159, 5337.058985
2.710000, 1002.068252, 4364.254423, 5367.549278
2.720000, 989.029534, 4355.706952, 5398.107412
2.730000, 976.110635, 4409.402821, 5428.784665
2.740000, 963.388927, 4314.359283, 5459.393039
2.750000, 950.948617, 4352.926014, 5489.717798
2.760000, 938.550589, 4360.540387, 5520.336756
2.770000, 926.367991, 4340.975946, 5550.820242
2.780000, 914.384880, 4335.754737, 5581.198210
2.790000, 902.616004, 4280.177377, 5611.423089
2.800000, 891.106787, 4271.565921, 5641.364712
2.810000, 879.783198, 4251.622311, 5671.203244
2.820000, 868.676392, 4263.878003, 5700.846002
2.830000, 857.620296, 4240.423857, 5730.732241
2.840000, 846.796117, 4218.865127, 5760.367197
2.850000, 836.064616, 4309.270871, 5790.124755
2.860000, 825.268049, 4354.853440, 5820.450658
2.870000, 814.646739, 4265.799658, 5850.673935
2.880000, 804.259385, 4244.683672, 5880.615062
2.890000, 794.128129, 4218.886665, 5910.192890
2.900000, 784.093872, 4230.772614, 5939.861836
2.910000, 774.095733, 4275.367321, 5969.804038
2.920000, 764.219368, 4287.184505, 5999.763685
2.930000, 754.498742, 4228.612600, 6029.631400
2.940000, 745.047531, 4185.297594, 6059.042598
2.950000, 735.852677, 4087.123957, 6088.016333
2.960000, 726.879622, 4111.485105, 6116.642357
2.970000, 717.973528, 4078.550484, 6145.406346
2.980000, 709.286345, 4063.974986, 6173.809176
2.990000, 700.691775, 4072.789937, 6202.253619
3.000000, 692.193702, 4060.713278, 6230.723832
3.010000, 683.761639, 4084.159066, 6259.320481
3.020000, 675.470180, 4054.022589, 6287.786261
3.030000, 667.375494, 4000.488916, 6315.915614
3.040000, 659.420743, 3992.394343, 6343.893075
3.050000, 651.585625, 3993.573872, 6371.781677
3.060000, 643.791368, 4004.899866, 6399.859567
3.070000, 636.124247, 3975.330089, 6427.813115
3.080000, 628.578136, 4003.217237, 6455.656424
3.090000, 621.012970, 4050.256523, 6483.907589
3.100000, 613.511690, 4054.836374, 6512.262043
3.110000, 606.099813, 4045.912009, 6540.621144
3.120000, 598.762753, 4031.166332, 6569.037623
3.130000, 591.557413, 4044.766208, 6597.284894
3.140000, 584.397244, 4054.862908, 6625.697979
3.150000, 577.363724, 4024.537329, 6653.949492
3.160000, 570.464030, 3981.105481, 6681.999892
3.170000, 563.664844, 3965.824826, 6709.975558
3.180000, 557.077784, 3928.266962, 6737.402157
3.190000, 550.541956, 3919.822140, 6764.937859
3.200000, 544.165200, 3862.355433, 6792.120286
3.210000, 537.930595, 3822.607716, 6819.006511
3.220000, 531.774421, 3838.759638, 6845.862019
3.230000, 525.687799, 3820.544593, 6872.721530
3.240000, 519.702681, 3809.308092, 6899.438108
3.250000, 513.843084, 3767.056422, 6925.894149
3.260000, 508.097386, 3750.052304, 6952.130542
3.270000, 502.428446, 3764.251479, 6978.308839
3.280000, 496.843851, 3671.035989, 7004.388078
3.290000, 491.465473, 3588.538370, 7029.782936
3.300000, 486.260503, 3503.882800, 7054.625070
3.310000, 481.155114, 3560.323696, 7079.251624
3.320000, 476.061282, 3528.767744, 7104.084224
3.330000, 471.018514, 3562.351798, 7128.931011
3.340000, 465.984731, 3563.731470, 7154.000244
3.350000, 461.060006, 3517.816824, 7178.789817
3.360000, 456.241458, 3473.071219, 7203.302570
3.370000, 451.469192, 3495.870337, 7227.836386
3.380000, 446.802940, 3416.984698, 7252.077268
3.390000, 442.262704, 3395.508788, 7275.907756
3.400000, 437.787360, 3341.231025, 7299.638292
3.410000, 433.462886, 3278.568037, 7322.800457
3.420000, 429.233032, 3215.993617, 7345.680487
3.430000, 425.171698, 3088.260206, 7367.862167
3.440000, 421.249274, 3078.532726, 7389.487256
3.450000, 417.370355, 3056.881284, 7411.071435
3.460000, 413.562945, 3021.787046, 7432.453684
3.470000, 409.813084, 3052.526405, 7453.706033
3.480000, 406.067315, 3075.092999, 7475.130223
3.490000, 402.431334, 3003.355997, 7496.116360
3.500000, 398.801027, 3028.493124, 7517.259764
3.510000, 395.208220, 3036.545955, 7538.375117
3.520000, 391.654786, 2981.424735, 7559.448744
3.530000, 388.189026, 2936.039195, 7580.187429
3.540000, 384.788329, 2902.937358, 7600.717555
3.550000, 381.453359, 2879.903070, 7621.027877
3.560000, 378.167880, 2894.707797, 7641.211186
3.570000, 374.878621, 2887.550589, 7661.594126
3.580000, 371.599207, 2948.175491, 7682.094877
3.590000, 368.407071, 2815.656470, 7702.224551
3.600000, 365.296417, 2834.766764, 7722.008912
3.610000, 362.247032, 2797.528421, 7741.567816
3.620000, 359.219053, 2765.912685, 7761.153018
3.630000, 356.266561, 2741.729106, 7780.409595
3.640000, 353.337546, 2776.391813, 7799.671392
3.650000, 350.400980, 2752.348708, 7819.143796
3.660000, 347.507293, 2748.045561, 7838.492171
3.670000, 344.717347, 2684.630439, 7857.300074
3.680000, 341.945621, 2683.230050, 7876.136494
3.690000, 339.223674, 2657.510088, 7894.783810
3.700000, 336.521330, 2644.234900, 7913.445435
3.710000, 333.842322, 2685.139273, 7932.094425
3.720000, 331.150792, 2714.440823, 7950.981885
3.730000, 328.455759, 2709.476766, 7970.048368
3.740000, 325.813800, 2698.002466, 7988.891845
3.750000, 323.188589, 2694.695976, 8007.767825
3.760000, 320.597555, 2663.475734, 8026.549017
3.770000, 318.048911, 2658.831204, 8045.171617
3.780000, 315.549568, 2604.209855, 8063.579490
3.790000, 313.095919, 2592.949851, 8081.793216
3.800000, 310.680912, 2582.049270, 8099.860016
3.810000, 308.264311, 2606.655712, 8118.079867
3.820000, 305.861674, 2590.432386, 8136.336585
3.830000, 303.506634, 2594.380641, 8154.371350
3.840000, 301.155878, 2573.812450, 8172.513409
3.850000, 298.814945, 2602.841820, 8190.720933
3.860000, 296.466270, 2647.533786, 8209.132584
3.870000, 294.109238, 2644.570211, 8227.756963
3.880000, 291.770378, 2666.175655, 8246.385877
3.890000, 289.439972, 2705.496536, 8265.096571
3.900000, 287.091970, 2701.666804, 8284.101519
3.910000, 284.809914, 2624.794956, 8302.722236
3.920000, 282.588208, 2563.087527, 8320.994434
3.930000, 280.447648, 2526.815961, 8338.735664
3.940000, 278.327408, 2529.431170, 8356.442479
3.950000, 276.267196, 2411.624819, 8373.777675
3.960000, 274.301424, 2368.022970, 8390.439205
3.970000, 272.383645, 2315.240161, 8406.809431
3.980000, 270.510948, 2271.459070, 8422.906450
3.990000, 268.678526, 2272.369703, 8438.765522
4.000000, 266.905418, 2193.682628, 8454.214574
4.010000, 265.174988, 2154.954100, 8469.391051
4.020000, 263.446147, 2216.188471, 8484.652808
4.030000, 261.685244, 2246.834533, 8500.300893
4.040000, 259.928605, 2246.185751, 8516.016359
4.050000, 258.173042, 2253.985549, 8531.828662
4.060000, 256.445008, 2229.702039, 8547.498384
4.070000, 254.762075, 2163.151415, 8562.860954
4.080000, 253.112028, 2210.021297, 8578.022181
4.090000, 251.457544, 2192.695235, 8593.323738
4.100000, 249.840240, 2114.952781, 8608.379069
4.110000, 248.227051, 2179.367001, 8623.493484
4.120000, 246.635053, 2121.615460, 8638.505978
4.130000, 245.074373, 2086.667968, 8653.317501
4.140000, 243.574878, 1982.616695, 8667.637484
4.150000, 242.111847, 2002.772064, 8681.694477
4.160000, 240.648970, 2046.181299, 8695.835167
4.170000, 239.188130, 2025.076954, 8710.042209
4.180000, 237.738591, 2033.551604, 8724.225379
4.190000, 236.317934, 1974.285709, 8738.210106
4.200000, 234.914379, 1993.834549, 8752.109297
4.210000, 233.523504, 1982.950663, 8765.965085
4.220000, 232.156400, 1949.431297, 8779.664736
4.230000, 230.819267, 1904.265224, 8793.142318
4.240000, 229.511714, 1876.298152, 8806.397466
4.250000, 228.197865, 1922.071351, 8819.792716
4.260000, 226.895323, 1882.420598, 8833.149041
4.270000, 225.647654, 1801.796971, 8846.014806
4.280000, 224.442638, 1769.737501, 8858.508453
4.290000, 223.271471, 1728.155970, 8870.715606
4.300000, 222.141104, 1644.135609, 8882.558389
4.310000, 221.043583, 1620.548847, 8894.114855
4.320000, 219.983873, 1598.385900, 8905.327769
4.330000, 218.910837, 1679.291950, 8916.736866
4.340000, 217.817239, 1670.293999, 8928.422257
4.350000, 216.722201, 1663.579218, 8940.181974
4.360000, 215.655789, 1663.078347, 8951.691522
4.370000, 214.595042, 1649.930816, 8963.196530
4.380000, 213.552034, 1622.844292, 8974.564732
4.390000, 212.541161, 1592.158602, 8985.635793
4.400000, 211.544978, 1532.064764, 8996.597612
4.410000, 210.611370, 1451.048908, 9006.917835
4.420000, 209.683186, 1489.922001, 9017.223549
4.430000, 208.749933, 1510.787397, 9027.631649
4.440000, 207.812403, 1499.643556, 9038.134387
4.450000, 206.868388, 1526.113663, 9048.757774
4.460000, 205.939522, 1471.536258, 9059.258094
4.470000, 205.057614, 1418.365002, 9069.271515
4.480000, 204.205047, 1376.472321, 9078.992833
4.490000, 203.385805, 1349.384623, 9088.372477
4.500000, 202.568429, 1314.878920, 9097.768485
4.510000, 201.793784, 1241.766449, 9106.708346
4.520000, 201.050323, 1220.452697, 9115.320682
4.530000, 200.311804, 1217.629844, 9123.907345
4.540000, 199.615096, 1119.469907, 9132.036957
4.550000, 198.930394, 1122.304131, 9140.054168
4.560000, 198.265674, 1129.482128, 9147.863860
4.570000, 197.602426, 1130.358458, 9155.682391
4.580000, 196.932643, 1119.079224, 9163.604642
4.590000, 196.266186, 1126.363718, 9171.514329
4.600000, 195.589979, 1149.239891, 9179.567245
4.610000, 194.923375, 1145.302484, 9187.533087
4.620000, 194.240902, 1191.306924, 9195.716832
4.630000, 193.554711, 1163.911518, 9203.974195
4.640000, 192.896443, 1145.456302, 9211.923114
4.650000, 192.235686, 1118.063383, 9219.929413
4.660000, 191.601459, 1080.985703, 9227.640184
4.670000, 190.965418, 1138.910895, 9235.398677
4.680000, 190.309425, 1148.306105, 9243.427671
4.690000, 189.647109, 1167.010018, 9251.562169
4.700000, 188.987476, 1148.480160, 9259.692008
4.710000, 188.323125, 1183.706808, 9267.908727
4.720000, 187.656688, 1190.258951, 9276.180403
4.730000, 186.971450, 1265.525999, 9284.716132
4.740000, 186.251592, 1285.046722, 9293.716847
4.750000, 185.549804, 1259.065524, 9302.525191
4.760000, 184.847352, 1249.260951, 9311.375291
4.770000, 184.154196, 1237.341404, 9320.141299
4.780000, 183.478217, 1218.523992, 9328.721923
4.790000, 182.837690, 1130.966892, 9336.881753
4.800000, 182.241563, 1044.956223, 9344.501700
4.810000, 181.658469, 1045.536659, 9351.979197
4.820000, 181.099957, 980.783337, 9359.164015
4.830000, 180.560677, 975.649185, 9366.122478
4.840000, 180.023210, 998.548410, 9373.078264
4.850000, 179.457839, 1097.492574, 9380.417617
4.860000, 178.882950, 1033.772371, 9387.904273
4.870000, 178.323292, 1058.787396, 9395.215732
4.880000, 177.766135, 1011.764514, 9402.517346
4.890000, 177.241797, 966.722468, 9409.409807
4.900000, 176.723704, 943.838337, 9416.240232
4.910000, 176.206660, 1002.246933, 9423.076807
4.920000, 175.670169, 1018.194621, 9430.191763
4.930000, 175.141397, 1001.265169, 9437.225646
4.940000, 174.613070, 1020.130123, 9444.274854
4.950000, 174.073158, 1046.591504, 9451.500695
4.960000, 173.535226, 1036.283325, 9458.722368
4.970000, 173.021216, 994.815620, 9465.643835
4.980000, 172.516514, 964.654352, 9472.460004
4.990000, 172.037204, 900.609660, 9478.951742
5.000000, 171.588973, 854.458257, 9485.038933
5.010000, 171.155310, 838.023826, 9490.943431
5.020000, 170.739482, 789.957017, 9496.619185
5.030000, 170.347518, 726.624228, 9501.981882
5.040000, 169.970821, 753.356141, 9507.147330
5.050000, 169.585114, 754.270013, 9512.448224
5.060000, 169.196797, 796.665403, 9517.797157
5.070000, 168.797136, 730.046505, 9523.315203
5.080000, 168.449521, 657.005758, 9528.125295
5.090000, 168.124132, 653.958733, 9532.636838
5.100000, 167.784646, 676.321625, 9537.353163
5.110000, 167.453115, 669.315995, 9541.968185
5.120000, 167.108842, 659.037535, 9546.770253
5.130000, 166.796513, 597.605517, 9551.135326
5.140000, 166.504199, 605.280902, 9555.228088
5.150000, 166.209871, 581.674732, 9559.356320
5.160000, 165.931497, 535.371452, 9563.267510
5.170000, 165.673652, 467.592016, 9566.896116
5.180000, 165.418668, 511.233444, 9570.490029
5.190000, 165.167057, 513.317688, 9574.041844
5.200000, 164.912714, 510.237642, 9577.637711
5.210000, 164.675618, 445.919611, 9580.994742
5.220000, 164.454802, 423.819073, 9584.125629
5.230000, 164.250166, 410.249343, 9587.030858
5.240000, 164.042565, 442.293383, 9589.981882
5.250000, 163.819574, 457.983258, 9593.155829
5.260000, 163.593229, 448.615386, 9596.381933
5.270000, 163.380415, 411.246343, 9599.419262
5.280000, 163.195090, 341.306948, 9602.067491
5.290000, 163.020902, 371.820486, 9604.559312
5.300000, 162.837064, 400.605531, 9607.192077
5.310000, 162.659406, 351.872246, 9609.739153
5.320000, 162.485958, 390.822230, 9612.228559
5.330000, 162.297767, 362.122290, 9614.932579
5.340000, 162.130439, 335.341019, 9617.339457
5.350000, 161.957415, 397.671411, 9619.830875
5.360000, 161.753732, 448.959591, 9622.767189
5.370000, 161.543233, 424.157902, 9625.805637
5.380000, 161.347761, 419.193824, 9628.630736
5.390000, 161.142678, 454.323762, 9631.598409
5.400000, 160.911990, 477.413950, 9634.941131
5.410000, 160.681214, 480.302559, 9638.289916
5.420000, 160.451925, 492.536086, 9641.621882
5.430000, 160.224094, 462.168161, 9644.937395
5.440000, 160.023314, 384.222562, 9647.863163
5.450000, 159.848987, 364.621742, 9650.406434
5.460000, 159.667687, 391.296853, 9653.054375
5.470000, 159.481553, 411.155530, 9655.776051
5.480000, 159.277338, 415.192732, 9658.765756
5.490000, 159.092535, 423.469155, 9661.474586
5.500000, 158.888083, 418.503221, 9664.475097
5.510000, 158.686001, 436.518308, 9667.444613
5.520000, 158.480999, 438.246658, 9670.460911
5.530000, 158.284251, 409.176620, 9673.359434
5.540000, 158.094683, 384.979814, 9676.155596
5.550000, 157.906732, 403.693750, 9678.931211
5.560000, 157.728850, 377.859960, 9681.561176
5.570000, 157.551306, 383.811099, 9684.189114
5.580000, 157.363815, 386.247605, 9686.967491
5.590000, 157.171920, 415.037881, 9689.814559
5.600000, 156.969570, 385.894844, 9692.820506
5.610000, 156.801000, 365.864188, 9695.327619
5.620000, 156.640322, 343.716185, 9697.719854
5.630000, 156.483745, 324.258169, 9700.053393
5.640000, 156.326343, 358.835343, 9702.401588
5.650000, 156.178017, 323.421568, 9704.616550
5.660000, 156.025351, 328.443828, 9706.898516
5.670000, 155.872838, 315.095948, 9709.180436
5.680000, 155.724364, 327.302566, 9711.404052
5.690000, 155.551826, 379.115739, 9713.990737
5.700000, 155.357345, 425.079113, 9716.909838
5.710000, 155.153264, 460.311230, 9719.976952
5.720000, 154.937112, 461.801249, 9723.229874
5.730000, 154.716671, 492.195760, 9726.552032
5.740000, 154.485467, 493.714358, 9730.041482
5.750000, 154.261343, 484.427165, 9733.429058
5.760000, 154.034890, 532.549273, 9736.856846
5.770000, 153.793054, 518.247015, 9740.523043
5.780000, 153.539549, 579.641143, 9744.372347
5.790000, 153.285683, 539.576234, 9748.233489
5.800000, 153.031826, 569.393531, 9752.100907
5.810000, 152.764233, 593.234102, 9756.184527
5.820000, 152.489324, 599.673295, 9760.387256
5.830000, 152.208810, 640.472669, 9764.683493
5.840000, 151.919254, 670.002668, 9769.126509
5.850000, 151.607958, 661.412772, 9773.912580
5.860000, 151.317405, 637.975281, 9778.388606
5.870000, 151.038700, 578.520201, 9782.690187
5.880000, 150.775375, 621.496468, 9786.761703
5.890000, 150.485610, 586.948156, 9791.250249
5.900000, 150.217967, 587.530381, 9795.403810
5.910000, 149.960540, 558.379977, 9799.405816
5.920000, 149.707457, 534.940100, 9803.346996
5.930000, 149.470429, 516.425666, 9807.044197
5.940000, 149.243623, 504.762645, 9810.587448
5.950000, 149.019516, 497.070802, 9814.093829
5.960000, 148.818263, 467.287062, 9817.247137
5.970000, 148.618296, 467.047528, 9820.384527
5.980000, 148.409719, 483.337398, 9823.661502
5.990000, 148.189079, 539.385798, 9827.133008
6.000000, 147.948663, 569.221591, 9830.921555
6.010000, 147.692249, 580.889373, 9834.969003
6.020000, 147.450901, 505.347684, 9838.785045
6.030000, 147.232353, 495.358997, 9842.246002
6.040000, 147.013146, 495.259030, 9845.722554
6.050000, 146.784876, 519.841382, 9849.348336
6.060000, 146.545343, 542.059707, 9853.159099
6.070000, 146.310755, 486.657389, 9856.897243
6.080000, 146.081901, 564.829756, 9860.549793
6.090000, 145.846083, 556.837689, 9864.319471
6.100000, 145.610394, 553.141925, 9868.093181
6.110000, 145.379441, 453.887888, 9871.796991
6.120000, 145.175141, 480.706360, 9875.078281
6.130000, 144.974982, 451.194409, 9878.297544
6.140000, 144.774926, 478.774876, 9881.519598
6.150000, 144.586143, 387.864389, 9884.564165
6.160000, 144.414860, 398.166340, 9887.329966
6.170000, 144.242629, 408.410218, 9890.114371
6.180000, 144.095386, 312.777290, 9892.497433
6.190000, 143.962583, 322.127972, 9894.648890
6.200000, 143.809979, 349.692919, 9897.123592
6.210000, 143.644657, 392.658221, 9899.807486
6.220000, 143.474501, 405.410007, 9902.573081
6.230000, 143.298433, 414.115671, 9905.438223
6.240000, 143.113523, 428.330738, 9908.451044
6.250000, 142.920881, 425.886907, 9911.593988
6.260000, 142.735956, 447.133223, 9914.615019
6.270000, 142.545905, 436.325229, 9917.723876
6.280000, 142.352211, 488.308587, 9920.896582
6.290000, 142.145204, 493.631534, 9924.292133
6.300000, 141.934252, 480.428420, 9927.757497
6.310000, 141.734335, 448.946875, 9931.046330
6.320000, 141.540082, 440.810388, 9934.246433
6.330000, 141.381104, 323.619158, 9936.868699
6.340000, 141.246223, 334.276123, 9939.095807
6.350000, 141.086228, 428.801279, 9941.740335
6.360000, 140.885562, 480.535665, 9945.061361
6.370000, 140.670939, 556.578175, 9948.618616
6.380000, 140.447676, 517.083296, 9952.324828
6.390000, 140.229445, 470.249979, 9955.953215
6.400000, 140.036541, 438.594566, 9959.165209
6.410000, 139.847798, 473.393444, 9962.312202
6.420000, 139.629020, 558.149722, 9965.965301
6.430000, 139.401525, 528.244088, 9969.770020
6.440000, 139.185498, 500.415046, 9973.388696
6.450000, 138.985821, 464.678705, 9976.738516
6.460000, 138.787109, 494.639318, 9980.076908
6.470000, 138.583331, 494.949505, 9983.505382
6.480000, 138.370985, 501.541704, 9987.083380
6.490000, 138.158745, 471.913536, 9990.665077
6.500000, 137.951801, 471.754854, 9994.162688
6.510000, 137.757597, 466.494442, 9997.449773
6.520000, 137.559990, 466.451801, 10000.799216
6.530000, 137.387235, 454.826597, 10003.731354
6.540000, 137.209081, 450.900574, 10006.759007
6.550000, 137.034110, 415.324364, 10009.736389
6.560000, 136.851557, 445.951024, 10012.846836
6.570000, 136.668937, 445.313984, 10015.962586
6.580000, 136.498007, 403.011495, 10018.882657
6.590000, 136.327107, 453.308180, 10021.805889
6.600000, 136.137259, 465.249280, 10025.057511
6.610000, 135.948818, 443.292777, 10028.289526
6.620000, 135.758992, 489.928512, 10031.549826
6.630000, 135.550878, 510.317741, 10035.129453
6.640000, 135.325895, 591.679817, 10039.005443
6.650000, 135.098547, 536.209329, 10042.928705
6.660000, 134.895215, 496.118322, 10046.443137
6.670000, 134.679547, 532.931049, 10050.176587
6.680000, 134.462603, 538.723798, 10053.938153
6.690000, 134.231157, 604.874120, 10057.957876
6.700000, 133.977572, 622.612180, 10062.370055
6.710000, 133.747587, 546.466236, 10066.378840
6.720000, 133.531044, 554.083195, 10070.159638
6.730000, 133.296434, 563.546531, 10074.262804
6.740000, 133.068036, 539.645254, 10078.264270
6.750000, 132.843854, 555.571030, 10082.198565
6.760000, 132.624731, 565.929850, 10086.050498
6.770000, 132.394520, 587.924675, 10090.104202
6.780000, 132.173545, 564.725606, 10094.001903
6.790000, 131.946024, 606.666825, 10098.021875
6.800000, 131.709246, 563.065840, 10102.212794
6.810000, 131.490606, 514.295030, 10106.089345
6.820000, 131.283897, 525.350806, 10109.760306
6.830000, 131.084125, 496.064260, 10113.313579
6.840000, 130.882906, 494.517526, 10116.898055
6.850000, 130.690190, 503.791044, 10120.336226
6.860000, 130.496100, 514.966562, 10123.804054
6.870000, 130.304099, 513.741346, 10127.239620
6.880000, 130.103127, 505.167744, 10130.841148
6.890000, 129.896154, 517.924163, 10134.556031
6.900000, 129.701185, 485.602865, 10138.060880
6.910000, 129.510979, 484.918779, 10141.485177
6.920000, 129.330068, 451.459264, 10144.746821
6.930000, 129.163362, 393.853058, 10147.756397
6.940000, 129.021248, 375.367259, 10150.325084
6.950000, 128.873115, 369.970547, 10153.005564
6.960000, 128.729691, 353.208170, 10155.603789
6.970000, 128.586207, 383.690053, 10158.205997
6.980000, 128.418593, 469.922722, 10161.249493
6.990000, 128.245248, 431.187078, 10164.401227
7.000000, 128.084670, 401.312518, 10167.324643
7.010000, 127.919139, 480.014121, 10170.342083
7.020000, 127.722204, 515.221827, 10173.937055
7.030000, 127.520866, 515.061334, 10177.618126
7.040000, 127.323746, 568.758240, 10181.227730
7.050000, 127.135546, 447.125238, 10184.679199
7.060000, 126.971237, 458.917937, 10187.696723
7.070000, 126.797583, 473.021371, 10190.890100
7.080000, 126.621814, 447.111689, 10194.126825
7.090000, 126.447288, 498.492318, 10197.345105
7.100000, 126.269532, 439.145553, 10200.627536
7.110000, 126.103902, 412.857856, 10203.690187
7.120000, 125.950993, 366.163316, 10206.521199
7.130000, 125.801693, 385.627102, 10209.288727
7.140000, 125.659167, 370.232834, 10211.933737
7.150000, 125.516208, 379.988885, 10214.589801
7.160000, 125.373108, 355.035439, 10217.251524
7.170000, 125.247776, 365.572190, 10219.585248
7.180000, 125.115662, 330.327832, 10222.047767
7.190000, 125.008637, 240.668448, 10224.044566
7.200000, 124.922126, 190.879294, 10225.659892
7.210000, 124.834203, 280.584623, 10227.302710
7.220000, 124.723766, 329.407407, 10229.367839
7.230000, 124.602685, 322.405236, 10231.634117
7.240000, 124.486652, 322.313204, 10233.807980
7.250000, 124.360318, 370.443259, 10236.177130
7.260000, 124.214573, 417.354336, 10238.913276
7.270000, 124.065949, 401.905433, 10241.706792
7.280000, 123.906863, 461.893562, 10244.700664
7.290000, 123.749383, 416.401315, 10247.668082
7.300000, 123.602313, 407.272115, 10250.442778
7.310000, 123.444198, 400.387547, 10253.429520
7.320000, 123.302891, 359.859013, 10256.102006
7.330000, 123.171423, 364.531529, 10258.591164
7.340000, 123.040783, 328.568144, 10261.067282
7.350000, 122.914649, 320.700829, 10263.460484
7.360000, 122.799266, 333.560493, 10265.651857
7.370000, 122.684119, 279.083440, 10267.840822
7.380000, 122.588147, 234.303429, 10269.666812
7.390000, 122.508160, 234.653944, 10271.189777
7.400000, 122.428905, 226.904965, 10272.699770
7.410000, 122.346147, 236.317699, 10274.277561
7.420000, 122.256655, 206.930014, 10275.984934
7.430000, 122.172357, 221.272293, 10277.594351
7.440000, 122.080222, 255.697146, 10279.354677
7.450000, 121.995635, 218.439966, 10280.971945
7.460000, 121.915900, 220.334096, 10282.497479
7.470000, 121.842541, 209.354732, 10283.901915
7.480000, 121.762701, 203.944923, 10285.431375
7.490000, 121.683106, 230.753729, 10286.957142
7.500000, 121.602102, 250.697808, 10288.510941
7.510000, 121.517527, 236.928807, 10290.134352
7.520000, 121.429313, 261.638183, 10291.828807
7.530000, 121.330732, 266.368961, 10293.723865
7.540000, 121.239685, 218.898716, 10295.475461
7.550000, 121.147115, 300.314991, 10297.257687
7.560000, 121.059885, 213.682801, 10298.938380
7.570000, 120.994552, 163.019883, 10300.197956
7.580000, 120.940381, 132.743931, 10301.242858
7.590000, 120.875114, 185.392774, 10302.502408
7.600000, 120.803967, 235.944205, 10303.876190
7.610000, 120.722527, 234.551067, 10305.449744
7.620000, 120.625402, 291.187337, 10307.327717
7.630000, 120.505688, 334.500128, 10309.644562
7.640000, 120.383139, 325.594373, 10312.018666
7.650000, 120.266645, 314.269645, 10314.277700
7.660000, 120.153845, 301.734662, 10316.467184
7.670000, 120.037975, 350.777078, 10318.718402
7.680000, 119.906064, 379.522802, 10321.283919
7.690000, 119.775692, 351.329676, 10323.822278
7.700000, 119.646979, 401.067011, 10326.331053
7.710000, 119.498637, 378.966924, 10329.225776
7.720000, 119.366351, 361.775841, 10331.810214
7.730000, 119.231062, 342.442034, 10334.456278
7.740000, 119.121450, 258.397724, 10336.602337
7.750000, 119.023357, 268.203600, 10338.524558
7.760000, 118.929633, 252.788101, 10340.362638
7.770000, 118.841215, 238.454917, 10342.097985
7.780000, 118.747243, 271.495995, 10343.943757
7.790000, 118.632099, 325.879843, 10346.207378
7.800000, 118.528270, 269.168445, 10348.250441
7.810000, 118.432684, 273.738352, 10350.132895
7.820000, 118.338202, 264.115347, 10351.995080
7.830000, 118.255715, 209.898218, 10353.622079
7.840000, 118.171372, 275.684555, 10355.286876
7.850000, 118.066251, 283.199565, 10357.363431
7.860000, 117.972912, 278.039417, 10359.208803
7.870000, 117.876923, 255.188049, 10361.108086
7.880000, 117.798667, 241.148949, 10362.657644
7.890000, 117.723171, 170.356324, 10364.153543
7.900000, 117.666766, 127.693362, 10365.271777
7.910000, 117.626013, 121.214815, 10366.080058
7.920000, 117.584380, 133.893410, 10366.906061
7.930000, 117.538305, 130.771571, 10367.820550
7.940000, 117.490499, 122.780310, 10368.769768
7.950000, 117.450554, 105.774338, 10369.563201
7.960000, 117.418658, 88.712765, 10370.196940
7.970000, 117.394631, 46.901462, 10370.674461
7.980000, 117.373237, 52.179797, 10371.099725
7.990000, 117.343465, 108.551092, 10371.691645
8.000000, 117.305119, 113.820769, 10372.454269
8.010000, 117.252290, 201.822506, 10373.505345
8.020000, 117.176906, 200.820426, 10375.005959
8.030000, 117.108046, 199.938158, 10376.377567
8.040000, 117.062801, 110.823537, 10377.279238
8.050000, 117.036511, 46.105882, 10377.803303
8.060000, 117.018414, 32.123120, 10378.164136
8.070000, 117.011782, 13.054512, 10378.296387
8.080000, 117.012657, -1.944522, 10378.278929
8.090000, 117.000249, 36.099538, 10378.526361
8.100000, 116.979844, 43.742260, 10378.933338
8.110000, 116.959731, 92.886543, 10379.334565
8.120000, 116.923973, 95.520710, 10380.048033
8.130000, 116.902129, 38.916294, 10380.483986
8.140000, 116.899344, -5.857161, 10380.539588
8.150000, 116.903500, -31.089740, 10380.456625
8.160000, 116.910600, 49.474197, 10380.314920
8.170000, 116.895663, 22.859098, 10380.613054
8.180000, 116.878410, 45.612856, 10380.957469
8.190000, 116.850524, 96.592392, 10381.514235
8.200000, 116.822196, 67.530230, 10382.079973
8.210000, 116.802084, 56.725216, 10382.481704
8.220000, 116.778773, 51.162485, 10382.947435
8.230000, 116.767496, -11.087047, 10383.172776
8.240000, 116.768760, 18.595707, 10383.147520
8.250000, 116.767750, 19.531459, 10383.167699
8.260000, 116.763045, 28.549825, 10383.261712
8.270000, 116.760402, -32.729691, 10383.314545
8.280000, 116.772452, -14.519977, 10383.073741
8.290000, 116.771500, 16.022903, 10383.092771
8.300000, 116.778413, -23.276467, 10382.954639
8.310000, 116.776220, 39.201440, 10382.998442
8.320000, 116.773155, -3.629488, 10383.059686
8.330000, 116.758580, 84.912599, 10383.350937
8.340000, 116.725235, 70.113437, 10384.017422
8.350000, 116.693601, 144.758350, 10384.649862
8.360000, 116.630352, 192.411112, 10385.914895
8.370000, 116.563474, 181.058761, 10387.253255
8.380000, 116.486807, 240.467054, 10388.788450
8.390000, 116.421385, 184.203411, 10390.099276
8.400000, 116.367851, 148.675987, 10391.172453
8.410000, 116.319585, 116.069954, 10392.140448
8.420000, 116.279292, 132.155704, 10392.948851
8.430000, 116.247531, 75.400422, 10393.586280
8.440000, 116.239965, 1.573351, 10393.738146
8.450000, 116.227162, 18.564042, 10393.995164
8.460000, 116.242248, -57.725396, 10393.692323
8.470000, 116.270886, -117.201528, 10393.117530
8.480000, 116.313213, -121.078863, 10392.268255
8.490000, 116.357253, -131.040946, 10391.384953
8.500000, 116.403060, -93.575739, 10390.466548
8.510000, 116.433376, -105.820815, 10389.858942
8.520000, 116.459745, -60.548878, 10389.330564
8.530000, 116.468478, -13.098479, 10389.155603
8.540000, 116.466687, -3.093503, 10389.191489
8.550000, 116.462815, 4.030434, 10389.269058
8.560000, 116.456202, 38.225672, 10389.401550
8.570000, 116.444895, 46.514921, 10389.628103
8.580000, 116.435175, 29.791294, 10389.822882
8.590000, 116.424125, 46.314367, 10390.044348
8.600000, 116.407655, 38.268697, 10390.374439
8.610000, 116.402589, 21.487402, 10390.475987
8.620000, 116.387137, 68.402502, 10390.785749
8.630000, 116.363227, 86.630641, 10391.265160
8.640000, 116.334034, 42.691026, 10391.850609
8.650000, 116.320814, 5.179919, 10392.115778
8.660000, 116.320870, 14.917742, 10392.114656
8.670000, 116.309952, 52.998317, 10392.333679
8.680000, 116.285104, 82.933458, 10392.832212
8.690000, 116.255301, 102.489104, 10393.430306
8.700000, 116.213852, 105.729934, 10394.262363
8.710000, 116.173878, 145.573588, 10395.065097
8.720000, 116.119509, 187.858151, 10396.157339
8.730000, 116.077370, 118.226860, 10397.004239
8.740000, 116.031629, 142.039527, 10397.923890
8.750000, 115.986802, 107.666660, 10398.825498
8.760000, 115.947435, 115.782947, 10399.617594
8.770000, 115.903752, 121.069679, 10400.496843
8.780000, 115.868433, 100.754694, 10401.207967
8.790000, 115.811641, 205.414740, 10402.351909
8.800000, 115.745362, 220.475390, 10403.687654
8.810000, 115.662143, 246.169617, 10405.365887
8.820000, 115.582729, 226.462709, 10406.968506
8.830000, 115.493532, 286.718371, 10408.769875
8.840000, 115.390320, 314.019837, 10410.855995
8.850000, 115.293176, 271.237274, 10412.821180
8.860000, 115.206546, 241.258131, 10414.575071
8.870000, 115.136953, 189.668884, 10415.985002
8.880000, 115.068722, 229.915225, 10417.368155
8.890000, 114.978552, 300.840047, 10419.197311
8.900000, 114.879780, 289.536393, 10421.202605
8.910000, 114.782842, 257.300390, 10423.172349
8.920000, 114.691330, 291.237800, 10425.033356
8.930000, 114.581659, 336.767857, 10427.265607
8.940000, 114.453296, 423.118336, 10429.881043
8.950000, 114.315396, 406.424400, 10432.694061
8.960000, 114.160521, 455.250152, 10435.857382
8.970000, 114.001242, 480.033750, 10439.115143
8.980000, 113.834246, 499.967831, 10442.535633
8.990000, 113.660877, 523.924945, 10446.091975
9.000000, 113.487079, 514.717248, 10449.662560
9.010000, 113.314414, 516.361630, 10453.215295
9.020000, 113.128328, 559.348670, 10457.050235
9.030000, 112.937059, 601.150373, 10460.998571
9.040000, 112.741242, 574.489972, 10465.047715
9.050000, 112.545658, 586.629060, 10469.099076
9.060000, 112.350210, 565.510710, 10473.154654
9.070000, 112.164759, 526.418186, 10477.009321
9.080000, 111.985805, 533.995545, 10480.734994
9.090000, 111.815341, 494.264526, 10484.289460
9.100000, 111.644935, 499.012328, 10487.848132
9.110000, 111.473084, 536.373499, 10491.442491
9.120000, 111.299914, 479.358147, 10495.070031
9.130000, 111.137415, 488.746169, 10498.479189
9.140000, 110.980580, 439.225855, 10501.774248
9.150000, 110.840500, 425.182010, 10504.721223
9.160000, 110.691185, 457.344294, 10507.866590
9.170000, 110.545585, 440.906509, 10510.937784
9.180000, 110.394504, 469.274374, 10514.128877
9.190000, 110.243841, 489.898931, 10517.315489
9.200000, 110.080104, 513.355594, 10520.783584
9.210000, 109.909850, 546.930694, 10524.395160
9.220000, 109.734548, 514.669321, 10528.119685
9.230000, 109.550715, 602.704676, 10532.031842
9.240000, 109.366042, 549.965845, 10535.968510
9.250000, 109.184989, 548.269903, 10539.834447
9.260000, 109.000149, 599.999029, 10543.787874
9.270000, 108.799584, 614.812130, 10548.085241
9.280000, 108.611493, 549.951565, 10552.122530
9.290000, 108.446012, 474.756036, 10555.680276
9.300000, 108.297642, 455.272949, 10558.874791
9.310000, 108.160284, 435.996180, 10561.836108
9.320000, 108.029988, 360.682737, 10564.648644
9.330000, 107.893565, 433.074824, 10567.597077
9.340000, 107.766188, 349.954743, 10570.353373
9.350000, 107.644396, 387.236045, 10572.991881
9.360000, 107.527859, 354.587474, 10575.519307
9.370000, 107.402599, 418.109885, 10578.239012
9.380000, 107.266283, 439.176071, 10581.202350
9.390000, 107.110481, 490.939463, 10584.593897
9.400000, 106.956904, 475.263928, 10587.941857
9.410000, 106.802400, 458.486116, 10591.314873
9.420000, 106.657598, 425.979901, 10594.480514
9.430000, 106.516788, 442.920073, 10597.563013
9.440000, 106.370936, 505.072320, 10600.760184
9.450000, 106.203190, 518.482057, 10604.442693
9.460000, 106.033692, 537.452744, 10608.169605
9.470000, 105.865947, 515.601605, 10611.863806
9.480000, 105.723757, 423.515009, 10614.999823
9.490000, 105.585295, 423.047157, 10618.057688
9.500000, 105.451762, 434.518529, 10621.010491
9.510000, 105.295231, 545.609154, 10624.476602
9.520000, 105.132096, 506.658613, 10628.094433
9.530000, 104.972816, 506.467678, 10631.632188
9.540000, 104.808523, 516.716982, 10635.286923
9.550000, 104.647945, 468.865409, 10638.864559
9.560000, 104.502218, 479.483349, 10642.116081
9.570000, 104.357298, 446.278879, 10645.354079
9.580000, 104.230807, 394.991316, 10648.183998
9.590000, 104.113786, 361.341469, 10650.805106
9.600000, 104.004096, 353.641924, 10653.264705
9.610000, 103.895922, 322.055901, 10655.692829
9.620000, 103.804158, 278.222108, 10657.754617
9.630000, 103.733036, 251.131775, 10659.353847
9.640000, 103.653068, 294.814213, 10661.153310
9.650000, 103.561405, 306.697929, 10663.217634
9.660000, 103.465822, 342.971607, 10665.372201
9.670000, 103.350136, 343.195691, 10667.982565
9.680000, 103.235027, 365.460321, 10670.582803
9.690000, 103.131625, 301.800541, 10672.921061
9.700000, 103.029482, 341.505729, 10675.233166
9.710000, 102.910330, 429.120558, 10677.933170
9.720000, 102.783919, 392.100151, 10680.801106
9.730000, 102.656419, 428.308041, 10683.697305
9.740000, 102.521477, 444.404459, 10686.766455
9.750000, 102.373055, 514.358495, 10690.146883
9.760000, 102.207083, 537.390112, 10693.932831
9.770000, 102.051841, 505.135334, 10697.479595
9.780000, 101.892723, 519.298225, 10701.120509
9.790000, 101.733455, 540.568873, 10704.770553
9.800000, 101.568627, 620.522602, 10708.554042
9.810000, 101.383220, 657.710798, 10712.817262
9.820000, 101.180355, 666.027787, 10717.490823
9.830000, 100.979583, 634.090197, 10722.125395
9.840000, 100.776437, 688.370548, 10726.824186
9.850000, 100.575573, 632.230204, 10731.479492
9.860000, 100.389753, 607.162029, 10735.794415
9.870000, 100.218820, 563.175878, 10739.770718
9.880000, 100.040348, 611.888022, 10743.929655
9.890000, 99.854612, 604.455331, 10748.265715
9.900000, 99.670357, 631.013143, 10752.575201
9.910000, 99.475228, 666.265292, 10757.147706
9.920000, 99.273894, 685.701332, 10761.875025
9.930000, 99.065788, 723.116791, 10766.771414
9.940000, 98.849390, 706.603981, 10771.873848
9.950000, 98.638662, 718.970353, 10776.853334
9.960000, 98.425288, 758.374155, 10781.906179
9.970000, 98.199519, 789.892714, 10787.264491
9.980000, 97.956263, 867.309533, 10793.051623
9.990000, 97.704785, 878.989244, 10799.049504
10.000000, 97.444457, 901.334147, 10805.274738
